date,pres_min,pres_max
2017-05-01,1001,1012
2017-05-02,1003,1014
2017-05-03,1005,1016
2017-05-04,1002,1013
2017-05-05,999,1009
2017-05-06,1006,1017
2017-05-07,1008,1019
2017-05-08,1004,1015
2017-05-09,1000,1011
2017-05-10,1002,1013
