date,vent_min,vent_max,zone
2017-05-01,2,18,Z1
2017-05-02,0,12,Z1
2017-05-03,3,20,Z1
2017-05-04,1,14,Z1
2017-05-05,2,16,Z1
2017-05-06,3,19,Z1
2017-05-07,4,22,Z1
2017-05-08,2,17,Z1
2017-05-09,1,15,Z1
2017-05-10,0,13,Z1
